account_name,account_id,campaign_name,campaign_id,adset_name,adset_id,ad_name,ad_id,impressions,frequency,clicks,unique_clicks,spend,reach,cpp,cpm,unique_link_clicks_ctr,ctr,unique_ctr,cpc,cost_per_unique_click,objective,buying_type,created_time,date_start,date_stop
account_name,account_id,campaign_name,campaign_id,adset_name,adset_id,ad_name,ad_id,impressions,frequency,clicks,unique_clicks,spend,reach,cpp,cpm,unique_link_clicks_ctr,ctr,unique_ctr,cpc,cost_per_unique_click,objective,buying_type,created_time,date_start,date_stop
account_name,account_id,campaign_name,campaign_id,adset_name,adset_id,ad_name,ad_id,impressions,frequency,clicks,unique_clicks,spend,reach,cpp,cpm,unique_link_clicks_ctr,ctr,unique_ctr,cpc,cost_per_unique_click,objective,buying_type,created_time,date_start,date_stop
account_name,account_id,campaign_name,campaign_id,adset_name,adset_id,ad_name,ad_id,impressions,frequency,clicks,unique_clicks,spend,reach,cpp,cpm,unique_link_clicks_ctr,ctr,unique_ctr,cpc,cost_per_unique_click,objective,buying_type,created_time,date_start,date_stop
account_name,account_id,campaign_name,campaign_id,adset_name,adset_id,ad_name,ad_id,impressions,frequency,clicks,unique_clicks,spend,reach,cpp,cpm,unique_link_clicks_ctr,ctr,unique_ctr,cpc,cost_per_unique_click,objective,buying_type,created_time,date_start,date_stop
account_name,account_id,campaign_name,campaign_id,adset_name,adset_id,ad_name,ad_id,impressions,frequency,clicks,unique_clicks,spend,reach,cpp,cpm,unique_link_clicks_ctr,ctr,unique_ctr,cpc,cost_per_unique_click,objective,buying_type,created_time,date_start,date_stop
account_name,account_id,campaign_name,campaign_id,adset_name,adset_id,ad_name,ad_id,impressions,frequency,clicks,unique_clicks,spend,reach,cpp,cpm,unique_link_clicks_ctr,ctr,unique_ctr,cpc,cost_per_unique_click,objective,buying_type,created_time,date_start,date_stop
account_name,account_id,campaign_name,campaign_id,adset_name,adset_id,ad_name,ad_id,impressions,frequency,clicks,unique_clicks,spend,reach,cpp,cpm,unique_link_clicks_ctr,ctr,unique_ctr,cpc,cost_per_unique_click,objective,buying_type,created_time,date_start,date_stop
account_name,account_id,campaign_name,campaign_id,adset_name,adset_id,ad_name,ad_id,impressions,frequency,clicks,unique_clicks,spend,reach,cpp,cpm,unique_link_clicks_ctr,ctr,unique_ctr,cpc,cost_per_unique_click,objective,buying_type,created_time,date_start,date_stop
account_name,account_id,campaign_name,campaign_id,adset_name,adset_id,ad_name,ad_id,impressions,frequency,clicks,unique_clicks,spend,reach,cpp,cpm,unique_link_clicks_ctr,ctr,unique_ctr,cpc,cost_per_unique_click,objective,buying_type,created_time,date_start,date_stop
account_name,account_id,campaign_name,campaign_id,adset_name,adset_id,ad_name,ad_id,impressions,frequency,clicks,unique_clicks,spend,reach,cpp,cpm,unique_link_clicks_ctr,ctr,unique_ctr,cpc,cost_per_unique_click,objective,buying_type,created_time,date_start,date_stop
account_name,account_id,campaign_name,campaign_id,adset_name,adset_id,ad_name,ad_id,impressions,frequency,clicks,unique_clicks,spend,reach,cpp,cpm,unique_link_clicks_ctr,ctr,unique_ctr,cpc,cost_per_unique_click,objective,buying_type,created_time,date_start,date_stop
Online Markete C,2249427205249909,Медитации,120211712433070154,1)ЕС ретаргет,120211714395850154,1,120211714395720154,898.0,1.111386,18.0,16.0,13.46,808.0,16.658416,14.988864,1.361386,2.004454,1.980198,0.747778,0.84125,OUTCOME_LEADS,AUCTION,2024-07-17,2024-07-17,2024-07-17
Online Markete C,2249427205249909,Медитации,120211712433070154,2)ЕС лал,120211714395730154,1,120211714395840154,2505.0,1.070971,24.0,22.0,14.0,2339.0,5.985464,5.588822,0.89782,0.958084,0.940573,0.583333,0.636364,OUTCOME_LEADS,AUCTION,2024-07-17,2024-07-17,2024-07-17
Online Markete C,2249427205249909,Медитации,120211712433070154,1)ЕС лал,120211714395740154,1,120211714395860154,1641.0,1.06697,29.0,26.0,14.14,1538.0,9.193758,8.616697,1.430429,1.767215,1.690507,0.487586,0.543846,OUTCOME_LEADS,AUCTION,2024-07-17,2024-07-17,2024-07-17
Online Markete C,2249427205249909,Медитации,120211712433070154,6)ЕС лал,120211714395770154,1,120211714395870154,2576.0,1.135802,38.0,36.0,13.66,2268.0,6.022928,5.302795,1.455026,1.475155,1.587302,0.359474,0.379444,OUTCOME_LEADS,AUCTION,2024-07-17,2024-07-17,2024-07-17
Online Markete C,2249427205249909,Медитации,120211712433070154,4)ЕС лал,120211714395750154,1,120211714395880154,2045.0,1.083157,22.0,20.0,13.57,1888.0,7.1875,6.635697,1.006356,1.075795,1.059322,0.616818,0.6785,OUTCOME_LEADS,AUCTION,2024-07-17,2024-07-17,2024-07-17
Online Markete C,2249427205249909,Медитации,120211712433070154,5)ЕС лал,120211714395790154,1,120211714395890154,1867.0,1.089265,26.0,24.0,13.62,1714.0,7.946324,7.295126,1.225204,1.392608,1.400233,0.523846,0.5675,OUTCOME_LEADS,AUCTION,2024-07-17,2024-07-17,2024-07-17
Online Markete C,2249427205249909,Медитации,120211712433070154,3)ЕС лал,120211714395760154,1,120211714395900154,1803.0,1.101405,24.0,21.0,13.82,1637.0,8.442272,7.665003,1.282834,1.331115,1.282834,0.575833,0.658095,OUTCOME_LEADS,AUCTION,2024-07-17,2024-07-17,2024-07-17
Online Markete C,2249427205249909,Медитации,120211712433070154,4)ЕС ретаргет,120211714395780154,1,120211714395910154,1214.0,1.182084,21.0,20.0,13.26,1027.0,12.911392,10.92257,1.363194,1.729819,1.94742,0.631429,0.663,OUTCOME_LEADS,AUCTION,2024-07-17,2024-07-17,2024-07-17
Online Markete C,2249427205249909,Медитации,120211712433070154,3)ЕС ретаргет,120211714395800154,1,120211714395920154,984.0,1.210332,15.0,14.0,13.54,813.0,16.654367,13.760163,1.476015,1.52439,1.722017,0.902667,0.967143,OUTCOME_LEADS,AUCTION,2024-07-17,2024-07-17,2024-07-17
Online Markete C,2249427205249909,Медитации,120211712433070154,2)ЕС ретаргет,120211714395810154,1,120211714395930154,957.0,1.203774,7.0,7.0,13.63,795.0,17.144654,14.242424,0.628931,0.731452,0.880503,1.947143,1.947143,OUTCOME_LEADS,AUCTION,2024-07-17,2024-07-17,2024-07-17
Online Markete C,2249427205249909,Медитации,120211712433070154,6)ЕС ретаргет,120211714395830154,1,120211714395940154,1057.0,1.301724,18.0,18.0,13.66,812.0,16.82266,12.923368,1.35468,1.702933,2.216749,0.758889,0.758889,OUTCOME_LEADS,AUCTION,2024-07-17,2024-07-17,2024-07-17
Online Markete C,2249427205249909,Медитации,120211712433070154,5)ЕС ретаргет,120211714395820154,1,120211714395950154,1085.0,1.175515,16.0,15.0,13.54,923.0,14.669556,12.479263,1.191766,1.474654,1.625135,0.84625,0.902667,OUTCOME_LEADS,AUCTION,2024-07-17,2024-07-17,2024-07-17
Online Markete C,2249427205249909,Медитации,120211712433070154,1)ЕС ретаргет,120211714395850154,1,120211714395720154,1675.0,1.25,45.0,44.0,20.04,1340.0,14.955224,11.964179,2.686567,2.686567,3.283582,0.445333,0.455455,OUTCOME_LEADS,AUCTION,2024-07-17,2024-07-18,2024-07-18
Online Markete C,2249427205249909,Медитации,120211712433070154,2)ЕС лал,120211714395730154,1,120211714395840154,884.0,1.076736,14.0,14.0,6.29,821.0,7.661389,7.115385,1.705238,1.58371,1.705238,0.449286,0.449286,OUTCOME_LEADS,AUCTION,2024-07-17,2024-07-18,2024-07-18
Online Markete C,2249427205249909,Медитации,120211712433070154,1)ЕС лал,120211714395740154,1,120211714395860154,1749.0,1.175403,48.0,42.0,19.85,1488.0,13.340054,11.349342,2.284946,2.744425,2.822581,0.413542,0.472619,OUTCOME_LEADS,AUCTION,2024-07-17,2024-07-18,2024-07-18
Online Markete C,2249427205249909,Медитации,120211712433070154,6)ЕС лал,120211714395770154,1,120211714395870154,1605.0,1.317734,85.0,76.0,19.82,1218.0,16.272578,12.34891,6.239737,5.29595,6.239737,0.233176,0.260789,OUTCOME_LEADS,AUCTION,2024-07-17,2024-07-18,2024-07-18
Online Markete C,2249427205249909,Медитации,120211712433070154,4)ЕС лал,120211714395750154,1,120211714395880154,2489.0,1.109675,53.0,49.0,18.8,2243.0,8.381632,7.553234,1.827909,2.129369,2.184574,0.354717,0.383673,OUTCOME_LEADS,AUCTION,2024-07-17,2024-07-18,2024-07-18
Online Markete C,2249427205249909,Медитации,120211712433070154,5)ЕС лал,120211714395790154,1,120211714395890154,2999.0,1.15613,89.0,77.0,20.15,2594.0,7.767926,6.718906,2.698535,2.967656,2.968389,0.226404,0.261688,OUTCOME_LEADS,AUCTION,2024-07-17,2024-07-18,2024-07-18
Online Markete C,2249427205249909,Медитации,120211712433070154,3)ЕС лал,120211714395760154,1,120211714395900154,2081.0,1.213411,62.0,56.0,18.55,1715.0,10.816327,8.913984,3.206997,2.979337,3.265306,0.299194,0.33125,OUTCOME_LEADS,AUCTION,2024-07-17,2024-07-18,2024-07-18
Online Markete C,2249427205249909,Медитации,120211712433070154,4)ЕС ретаргет,120211714395780154,1,120211714395910154,1481.0,1.21294,21.0,21.0,20.26,1221.0,16.592957,13.679946,1.310401,1.417961,1.719902,0.964762,0.964762,OUTCOME_LEADS,AUCTION,2024-07-17,2024-07-18,2024-07-18
Online Markete C,2249427205249909,Медитации,120211712433070154,3)ЕС ретаргет,120211714395800154,1,120211714395920154,1337.0,1.201258,17.0,16.0,20.51,1113.0,18.427673,15.340314,1.168014,1.271503,1.437556,1.206471,1.281875,OUTCOME_LEADS,AUCTION,2024-07-17,2024-07-18,2024-07-18
Online Markete C,2249427205249909,Медитации,120211712433070154,2)ЕС ретаргет,120211714395810154,1,120211714395930154,1565.0,1.236177,13.0,12.0,20.32,1266.0,16.050553,12.984026,0.789889,0.830671,0.947867,1.563077,1.693333,OUTCOME_LEADS,AUCTION,2024-07-17,2024-07-18,2024-07-18
Online Markete C,2249427205249909,Медитации,120211712433070154,6)ЕС ретаргет,120211714395830154,1,120211714395940154,1581.0,1.278092,16.0,14.0,20.11,1237.0,16.257074,12.719798,0.970089,1.012018,1.13177,1.256875,1.436429,OUTCOME_LEADS,AUCTION,2024-07-17,2024-07-18,2024-07-18
Online Markete C,2249427205249909,Медитации,120211712433070154,5)ЕС ретаргет,120211714395820154,1,120211714395950154,1275.0,1.153846,20.0,20.0,20.3,1105.0,18.371041,15.921569,1.538462,1.568627,1.809955,1.015,1.015,OUTCOME_LEADS,AUCTION,2024-07-17,2024-07-18,2024-07-18
Online Markete C,2249427205249909,Медитации,120211712433070154,6)ЕС лал — Копия,120211731601140154,1,120211731601110154,2157.0,1.197003,77.0,57.0,15.69,1802.0,8.706992,7.273992,3.107658,3.569773,3.163152,0.203766,0.275263,OUTCOME_LEADS,AUCTION,2024-07-18,2024-07-18,2024-07-18
Online Markete C,2249427205249909,Медитации,120211712433070154,3)ЕС ретаргет — Копия,120211731601120154,1,120211731601150154,571.0,1.17732,6.0,6.0,8.43,485.0,17.381443,14.763573,1.237113,1.050788,1.237113,1.405,1.405,OUTCOME_LEADS,AUCTION,2024-07-18,2024-07-18,2024-07-18
Online Markete C,2249427205249909,Медитации,120211712433070154,3)ЕС лал — Копия,120211731601130154,1,120211731601160154,1479.0,1.315836,79.0,67.0,15.05,1124.0,13.38968,10.175794,5.871886,5.341447,5.960854,0.190506,0.224627,OUTCOME_LEADS,AUCTION,2024-07-18,2024-07-18,2024-07-18
Online Markete C,2249427205249909,Медитации,120211712433070154,7)ЕС лал,120211743602220154,1,120211743602210154,1929.0,1.044396,22.0,19.0,6.84,1847.0,3.703303,3.545879,0.757986,1.140487,1.028695,0.310909,0.36,OUTCOME_LEADS,AUCTION,2024-07-18,2024-07-18,2024-07-18
Online Markete C,2249427205249909,Медитации,120211712433070154,8)ЕС лал,120211743621450154,1,120211743621440154,3486.0,1.036883,19.0,18.0,7.2,3362.0,2.141582,2.065404,0.535396,0.545037,0.535396,0.378947,0.4,OUTCOME_LEADS,AUCTION,2024-07-18,2024-07-18,2024-07-18
Online Markete C,2249427205249909,Медитации,120211712433070154,9)ЕС лал,120211743636360154,1,120211743636350154,1748.0,1.064555,22.0,20.0,7.17,1642.0,4.366626,4.101831,0.91352,1.258581,1.218027,0.325909,0.3585,OUTCOME_LEADS,AUCTION,2024-07-18,2024-07-18,2024-07-18
Online Markete C,2249427205249909,Медитации,120211712433070154,1)ЕС ретаргет,120211714395850154,1,120211714395720154,1247.0,1.176415,21.0,21.0,11.43,1060.0,10.783019,9.165998,1.415094,1.684042,1.981132,0.544286,0.544286,OUTCOME_LEADS,AUCTION,2024-07-17,2024-07-19,2024-07-19
Online Markete C,2249427205249909,Медитации,120211712433070154,1)ЕС лал,120211714395740154,1,120211714395860154,637.0,1.083333,14.0,13.0,10.74,588.0,18.265306,16.860283,1.870748,2.197802,2.210884,0.767143,0.826154,OUTCOME_LEADS,AUCTION,2024-07-17,2024-07-19,2024-07-19
Online Markete C,2249427205249909,Медитации,120211712433070154,6)ЕС лал,120211714395770154,1,120211714395870154,584.0,1.727811,54.0,45.0,10.58,338.0,31.301775,18.116438,13.313609,9.246575,13.313609,0.195926,0.235111,OUTCOME_LEADS,AUCTION,2024-07-17,2024-07-19,2024-07-19
Online Markete C,2249427205249909,Медитации,120211712433070154,4)ЕС лал,120211714395750154,1,120211714395880154,870.0,1.230552,26.0,26.0,8.98,707.0,12.701556,10.321839,3.394625,2.988506,3.677511,0.345385,0.345385,OUTCOME_LEADS,AUCTION,2024-07-17,2024-07-19,2024-07-19
Online Markete C,2249427205249909,Медитации,120211712433070154,5)ЕС лал,120211714395790154,1,120211714395890154,1627.0,1.211467,38.0,33.0,9.94,1343.0,7.40134,6.109404,2.159345,2.335587,2.457185,0.261579,0.301212,OUTCOME_LEADS,AUCTION,2024-07-17,2024-07-19,2024-07-19
Online Markete C,2249427205249909,Медитации,120211712433070154,3)ЕС лал,120211714395760154,1,120211714395900154,724.0,1.442231,45.0,42.0,8.93,502.0,17.788845,12.334254,8.167331,6.21547,8.366534,0.198444,0.212619,OUTCOME_LEADS,AUCTION,2024-07-17,2024-07-19,2024-07-19
Online Markete C,2249427205249909,Медитации,120211712433070154,4)ЕС ретаргет,120211714395780154,1,120211714395910154,703.0,1.126603,19.0,16.0,10.79,624.0,17.291667,15.348506,2.24359,2.702703,2.564103,0.567895,0.674375,OUTCOME_LEADS,AUCTION,2024-07-17,2024-07-19,2024-07-19
Online Markete C,2249427205249909,Медитации,120211712433070154,3)ЕС ретаргет,120211714395800154,1,120211714395920154,923.0,1.139506,12.0,12.0,11.66,810.0,14.395062,12.632719,1.481481,1.300108,1.481481,0.971667,0.971667,OUTCOME_LEADS,AUCTION,2024-07-17,2024-07-19,2024-07-19
Online Markete C,2249427205249909,Медитации,120211712433070154,2)ЕС ретаргет,120211714395810154,1,120211714395930154,841.0,1.201429,10.0,10.0,10.95,700.0,15.642857,13.020214,0.857143,1.189061,1.428571,1.095,1.095,OUTCOME_LEADS,AUCTION,2024-07-17,2024-07-19,2024-07-19
Online Markete C,2249427205249909,Медитации,120211712433070154,6)ЕС ретаргет,120211714395830154,1,120211714395940154,858.0,1.220484,10.0,10.0,9.83,703.0,13.98293,11.456876,0.995733,1.165501,1.422475,0.983,0.983,OUTCOME_LEADS,AUCTION,2024-07-17,2024-07-19,2024-07-19
Online Markete C,2249427205249909,Медитации,120211712433070154,5)ЕС ретаргет,120211714395820154,1,120211714395950154,762.0,1.105951,15.0,15.0,10.59,689.0,15.370102,13.897638,1.741655,1.968504,2.177068,0.706,0.706,OUTCOME_LEADS,AUCTION,2024-07-17,2024-07-19,2024-07-19
Online Markete C,2249427205249909,Медитации,120211712433070154,6)ЕС лал — Копия,120211731601140154,1,120211731601110154,522.0,1.491429,49.0,44.0,11.05,350.0,31.571429,21.168582,12.571429,9.386973,12.571429,0.22551,0.251136,OUTCOME_LEADS,AUCTION,2024-07-18,2024-07-19,2024-07-19
Online Markete C,2249427205249909,Медитации,120211712433070154,3)ЕС лал — Копия,120211731601130154,1,120211731601160154,692.0,1.356863,47.0,46.0,10.86,510.0,21.294118,15.693642,9.019608,6.791908,9.019608,0.231064,0.236087,OUTCOME_LEADS,AUCTION,2024-07-18,2024-07-19,2024-07-19
Online Markete C,2249427205249909,Медитации,120211712433070154,7)ЕС лал,120211743602220154,1,120211743602210154,1025.0,1.28125,27.0,23.0,10.11,800.0,12.6375,9.863415,2.875,2.634146,2.875,0.374444,0.439565,OUTCOME_LEADS,AUCTION,2024-07-18,2024-07-19,2024-07-19
Online Markete C,2249427205249909,Медитации,120211712433070154,8)ЕС лал,120211743621450154,1,120211743621440154,1042.0,1.313997,53.0,48.0,10.06,793.0,12.686003,9.654511,6.052963,5.086372,6.052963,0.189811,0.209583,OUTCOME_LEADS,AUCTION,2024-07-18,2024-07-19,2024-07-19
Online Markete C,2249427205249909,Медитации,120211712433070154,9)ЕС лал,120211743636360154,1,120211743636350154,728.0,1.302326,30.0,26.0,9.68,559.0,17.316637,13.296703,4.293381,4.120879,4.651163,0.322667,0.372308,OUTCOME_LEADS,AUCTION,2024-07-18,2024-07-19,2024-07-19
account_name,account_id,campaign_name,campaign_id,adset_name,adset_id,ad_name,ad_id,impressions,frequency,clicks,unique_clicks,spend,reach,cpp,cpm,unique_link_clicks_ctr,ctr,unique_ctr,cpc,cost_per_unique_click,objective,buying_type,created_time,date_start,date_stop
account_name,account_id,campaign_name,campaign_id,adset_name,adset_id,ad_name,ad_id,impressions,frequency,clicks,unique_clicks,spend,reach,cpp,cpm,unique_link_clicks_ctr,ctr,unique_ctr,cpc,cost_per_unique_click,objective,buying_type,created_time,date_start,date_stop
Online Markete C,2249427205249909,Трафик Анастасия,120211805015180154,3)ЕС шир прямая ссылка,120211805015190154,Медитации,120211805015210154,7174.0,1.094599,216.0,205.0,26.56,6554.0,4.052487,3.702258,3.082087,3.010873,3.127861,0.122963,0.129561,LINK_CLICKS,AUCTION,2024-07-22,2024-07-22,2024-07-22
Online Markete C,2249427205249909,Трафик Анастасия,120211805015180154,3)ЕС лал прямая ссылка,120211805015200154,Медитации,120211805015220154,5838.0,1.093873,190.0,183.0,28.55,5337.0,5.349447,4.890373,3.335207,3.254539,3.428893,0.150263,0.156011,LINK_CLICKS,AUCTION,2024-07-22,2024-07-22,2024-07-22
account_name,account_id,campaign_name,campaign_id,adset_name,adset_id,ad_name,ad_id,impressions,frequency,clicks,unique_clicks,spend,reach,cpp,cpm,unique_link_clicks_ctr,ctr,unique_ctr,cpc,cost_per_unique_click,objective,buying_type,created_time,date_start,date_stop
Online Markete C,2249427205249909,Трафик Анастасия,120211818856140154,7)ЕС лал — Копия,120211819017070154,Практика,120211819017050154,23494.0,1.031207,315.0,302.0,86.88,22783.0,3.81337,3.697965,1.312382,1.340768,1.32555,0.27581,0.287682,LINK_CLICKS,AUCTION,2024-07-23,2024-07-23,2024-07-23
Online Markete C,2249427205249909,Трафик Анастасия,120211818856140154,7)ЕС шир — Копия,120211819017060154,Практика,120211819017080154,29714.0,1.034322,361.0,355.0,89.1,28728.0,3.101504,2.998587,1.232247,1.214916,1.235728,0.246814,0.250986,LINK_CLICKS,AUCTION,2024-07-23,2024-07-23,2024-07-23
Online Markete C,2249427205249909,Трафик Анастасия,120211818856140154,7)ЕС лал — Копия,120211819017070154,Практика,120211819017050154,34235.0,1.072659,382.0,371.0,99.25,31916.0,3.109726,2.89908,1.159293,1.115817,1.162426,0.259817,0.26752,LINK_CLICKS,AUCTION,2024-07-23,2024-07-24,2024-07-24
Online Markete C,2249427205249909,Трафик Анастасия,120211818856140154,7)ЕС шир — Копия,120211819017060154,Практика,120211819017080154,44688.0,1.079733,441.0,429.0,98.7,41388.0,2.384749,2.208647,1.029284,0.986842,1.036532,0.22381,0.23007,LINK_CLICKS,AUCTION,2024-07-23,2024-07-24,2024-07-24
Online Markete C,2249427205249909,Трафик Анастасия,120211818856140154,7)ЕС лал — Копия,120211819017070154,Практика,120211819017050154,12342.0,1.011639,134.0,133.0,33.78,12200.0,2.768852,2.736996,1.081967,1.085724,1.090164,0.25209,0.253985,LINK_CLICKS,AUCTION,2024-07-23,2024-07-25,2024-07-25
Online Markete C,2249427205249909,Трафик Анастасия,120211818856140154,7)ЕС шир — Копия,120211819017060154,Практика,120211819017080154,15912.0,1.030303,130.0,130.0,34.42,15444.0,2.228697,2.163147,0.848226,0.816993,0.841751,0.264769,0.264769,LINK_CLICKS,AUCTION,2024-07-23,2024-07-25,2024-07-25
account_name,account_id,campaign_name,campaign_id,adset_name,adset_id,ad_name,ad_id,impressions,frequency,clicks,unique_clicks,spend,reach,cpp,cpm,unique_link_clicks_ctr,ctr,unique_ctr,cpc,cost_per_unique_click,objective,buying_type,created_time,date_start,date_stop
Online Markete C,2249427205249909,Лид АнисимоваКрипт,120211900381570154,1)ES,120211900381610154,1,120211900381830154,1275.0,1.079594,11.0,9.0,14.97,1181.0,12.675699,11.741176,0.169348,0.862745,0.762066,1.360909,1.663333,OUTCOME_LEADS,AUCTION,2024-07-26,2024-07-27,2024-07-27
Online Markete C,2249427205249909,Лид АнисимоваКрипт,120211900381570154,7)ES,120211900606600154,1,120211900606510154,1665.0,1.057814,9.0,9.0,14.98,1574.0,9.517154,8.996997,0.381194,0.540541,0.571792,1.664444,1.664444,OUTCOME_LEADS,AUCTION,2024-07-26,2024-07-27,2024-07-27
Online Markete C,2249427205249909,Лид АнисимоваКрипт,120211900381570154,6)ES,120211900606520154,1,120211900606570154,1846.0,1.0962,11.0,11.0,14.98,1684.0,8.895487,8.114843,0.534442,0.595883,0.653207,1.361818,1.361818,OUTCOME_LEADS,AUCTION,2024-07-26,2024-07-27,2024-07-27
Online Markete C,2249427205249909,Лид АнисимоваКрипт,120211900381570154,5)ES,120211900606530154,1,120211900606580154,1358.0,1.070978,12.0,11.0,14.95,1268.0,11.790221,11.008837,0.55205,0.883652,0.867508,1.245833,1.359091,OUTCOME_LEADS,AUCTION,2024-07-26,2024-07-27,2024-07-27
Online Markete C,2249427205249909,Лид АнисимоваКрипт,120211900381570154,3)ES,120211900606550154,1,120211900606590154,1170.0,1.137026,16.0,16.0,14.91,1029.0,14.489796,12.74359,1.068999,1.367521,1.554908,0.931875,0.931875,OUTCOME_LEADS,AUCTION,2024-07-26,2024-07-27,2024-07-27
Online Markete C,2249427205249909,Лид АнисимоваКрипт,120211900381570154,4)ES,120211900606540154,1,120211900606610154,1346.0,1.092532,12.0,12.0,14.84,1232.0,12.045455,11.02526,0.649351,0.89153,0.974026,1.236667,1.236667,OUTCOME_LEADS,AUCTION,2024-07-26,2024-07-27,2024-07-27
Online Markete C,2249427205249909,Лид АнисимоваКрипт,120211900381570154,2)ES,120211900606560154,1,120211900606620154,1687.0,1.061674,14.0,12.0,14.95,1589.0,9.408433,8.861885,0.440529,0.829876,0.755192,1.067857,1.245833,OUTCOME_LEADS,AUCTION,2024-07-26,2024-07-27,2024-07-27
Online Markete C,2249427205249909,Лид АнисимоваКрипт,120211900381570154,1)ES,120211900381610154,1,120211900381830154,170.0,1.011905,1.0,1.0,3.3,168.0,19.642857,19.411765,0.0,0.588235,0.595238,3.3,3.3,OUTCOME_LEADS,AUCTION,2024-07-26,2024-07-28,2024-07-28
Online Markete C,2249427205249909,Лид АнисимоваКрипт,120211900381570154,7)ES,120211900606600154,1,120211900606510154,570.0,1.047794,6.0,6.0,7.82,544.0,14.375,13.719298,0.551471,1.052632,1.102941,1.303333,1.303333,OUTCOME_LEADS,AUCTION,2024-07-26,2024-07-28,2024-07-28
Online Markete C,2249427205249909,Лид АнисимоваКрипт,120211900381570154,6)ES,120211900606520154,1,120211900606570154,221.0,1.023148,2.0,2.0,3.44,216.0,15.925926,15.565611,0.462963,0.904977,0.925926,1.72,1.72,OUTCOME_LEADS,AUCTION,2024-07-26,2024-07-28,2024-07-28
Online Markete C,2249427205249909,Лид АнисимоваКрипт,120211900381570154,5)ES,120211900606530154,1,120211900606580154,183.0,1.039773,1.0,1.0,3.4,176.0,19.318182,18.579235,0.568182,0.546448,0.568182,3.4,3.4,OUTCOME_LEADS,AUCTION,2024-07-26,2024-07-28,2024-07-28
Online Markete C,2249427205249909,Лид АнисимоваКрипт,120211900381570154,3)ES,120211900606550154,1,120211900606590154,533.0,1.078947,5.0,4.0,8.22,494.0,16.639676,15.422139,0.607287,0.938086,0.809717,1.644,2.055,OUTCOME_LEADS,AUCTION,2024-07-26,2024-07-28,2024-07-28
Online Markete C,2249427205249909,Лид АнисимоваКрипт,120211900381570154,4)ES,120211900606540154,1,120211900606610154,524.0,1.07377,2.0,2.0,7.82,488.0,16.02459,14.923664,0.204918,0.381679,0.409836,3.91,3.91,OUTCOME_LEADS,AUCTION,2024-07-26,2024-07-28,2024-07-28
Online Markete C,2249427205249909,Лид АнисимоваКрипт,120211900381570154,2)ES,120211900606560154,1,120211900606620154,211.0,1.029268,4.0,4.0,4.34,205.0,21.170732,20.56872,1.95122,1.895735,1.95122,1.085,1.085,OUTCOME_LEADS,AUCTION,2024-07-26,2024-07-28,2024-07-28
Online Markete C,2249427205249909,Лид АнисимоваКрипт,120211900381570154,4)ES — Копия,120211936663360154,1,120211936663330154,947.0,1.029348,6.0,5.0,10.0,920.0,10.869565,10.559662,0.434783,0.63358,0.543478,1.666667,2.0,OUTCOME_LEADS,AUCTION,2024-07-28,2024-07-28,2024-07-28
Online Markete C,2249427205249909,Лид АнисимоваКрипт,120211900381570154,3)ES — Копия,120211936663350154,1,120211936663380154,712.0,1.062687,7.0,6.0,10.82,670.0,16.149254,15.196629,1.044776,0.983146,0.895522,1.545714,1.803333,OUTCOME_LEADS,AUCTION,2024-07-28,2024-07-28,2024-07-28
Online Markete C,2249427205249909,Лид АнисимоваКрипт,120211900381570154,3)ES,120211900606550154,1,120211900606590154,1139.0,1.119961,12.0,12.0,15.95,1017.0,15.683383,14.003512,0.688299,1.053556,1.179941,1.329167,1.329167,OUTCOME_LEADS,AUCTION,2024-07-26,2024-07-29,2024-07-29
Online Markete C,2249427205249909,Лид АнисимоваКрипт,120211900381570154,4)ES,120211900606540154,1,120211900606610154,2303.0,1.099284,15.0,14.0,15.53,2095.0,7.412888,6.743378,0.52506,0.651324,0.668258,1.035333,1.109286,OUTCOME_LEADS,AUCTION,2024-07-26,2024-07-29,2024-07-29
Online Markete C,2249427205249909,Лид АнисимоваКрипт,120211900381570154,4)ES — Копия,120211936663360154,1,120211936663330154,2400.0,1.099404,11.0,9.0,14.92,2183.0,6.834631,6.216667,0.366468,0.458333,0.412277,1.356364,1.657778,OUTCOME_LEADS,AUCTION,2024-07-28,2024-07-29,2024-07-29
Online Markete C,2249427205249909,Лид АнисимоваКрипт,120211900381570154,3)ES — Копия,120211936663350154,1,120211936663380154,952.0,1.141487,17.0,16.0,14.54,834.0,17.434053,15.273109,1.438849,1.785714,1.918465,0.855294,0.90875,OUTCOME_LEADS,AUCTION,2024-07-28,2024-07-29,2024-07-29
Online Markete C,2249427205249909,Лид АнисимоваКрипт,120211900381570154,4)БК,120211949064610154,1,120211949064590154,1094.0,1.247434,13.0,11.0,10.26,877.0,11.698974,9.378428,0.684151,1.1883,1.254276,0.789231,0.932727,OUTCOME_LEADS,AUCTION,2024-07-29,2024-07-29,2024-07-29
Online Markete C,2249427205249909,Лид АнисимоваКрипт,120211900381570154,3)БК,120211949064600154,1,120211949064620154,927.0,1.252703,21.0,20.0,10.44,740.0,14.108108,11.262136,1.621622,2.265372,2.702703,0.497143,0.522,OUTCOME_LEADS,AUCTION,2024-07-29,2024-07-29,2024-07-29
Online Markete C,2249427205249909,Лид АнисимоваКрипт,120211900381570154,3)ES,120211900606550154,1,120211900606590154,1237.0,1.192864,23.0,20.0,16.59,1037.0,15.998071,13.411479,1.639344,1.859337,1.92864,0.721304,0.8295,OUTCOME_LEADS,AUCTION,2024-07-26,2024-07-30,2024-07-30
Online Markete C,2249427205249909,Лид АнисимоваКрипт,120211900381570154,4)ES,120211900606540154,1,120211900606610154,98.0,1.166667,3.0,2.0,1.08,84.0,12.857143,11.020408,2.380952,3.061224,2.380952,0.36,0.54,OUTCOME_LEADS,AUCTION,2024-07-26,2024-07-30,2024-07-30
Online Markete C,2249427205249909,Лид АнисимоваКрипт,120211900381570154,4)ES — Копия,120211936663360154,1,120211936663330154,1698.0,1.090559,24.0,22.0,15.76,1557.0,10.12203,9.281508,1.156069,1.413428,1.412974,0.656667,0.716364,OUTCOME_LEADS,AUCTION,2024-07-28,2024-07-30,2024-07-30
Online Markete C,2249427205249909,Лид АнисимоваКрипт,120211900381570154,3)ES — Копия,120211936663350154,1,120211936663380154,25.0,1.315789,0.0,0.0,0.32,19.0,16.842105,12.8,0.0,0.0,0.0,0.0,0.0,OUTCOME_LEADS,AUCTION,2024-07-28,2024-07-30,2024-07-30
Online Markete C,2249427205249909,Лид АнисимоваКрипт,120211900381570154,4)БК,120211949064610154,1,120211949064590154,1621.0,1.342999,29.0,24.0,15.66,1207.0,12.974316,9.660703,1.822701,1.789019,1.988401,0.54,0.6525,OUTCOME_LEADS,AUCTION,2024-07-29,2024-07-30,2024-07-30
Online Markete C,2249427205249909,Лид АнисимоваКрипт,120211900381570154,3)БК,120211949064600154,1,120211949064620154,1408.0,1.304912,25.0,21.0,15.72,1079.0,14.569045,11.164773,1.297498,1.775568,1.946247,0.6288,0.748571,OUTCOME_LEADS,AUCTION,2024-07-29,2024-07-30,2024-07-30
Online Markete C,2249427205249909,Лид АнисимоваКрипт,120211900381570154,4)ES — Копия — Копия,120211964883040154,1,120211964883030154,1457.0,1.094666,27.0,25.0,17.99,1331.0,13.516153,12.347289,1.728024,1.853123,1.878287,0.666296,0.7196,OUTCOME_LEADS,AUCTION,2024-07-30,2024-07-30,2024-07-30
Online Markete C,2249427205249909,Лид АнисимоваКрипт,120211900381570154,3)ES,120211900606550154,1,120211900606590154,1023.0,1.186775,27.0,24.0,16.6,862.0,19.257541,16.226784,1.972158,2.639296,2.784223,0.614815,0.691667,OUTCOME_LEADS,AUCTION,2024-07-26,2024-07-31,2024-07-31
Online Markete C,2249427205249909,Лид АнисимоваКрипт,120211900381570154,4)ES — Копия,120211936663360154,1,120211936663330154,1119.0,1.141837,28.0,27.0,14.05,980.0,14.336735,12.555853,2.653061,2.502234,2.755102,0.501786,0.52037,OUTCOME_LEADS,AUCTION,2024-07-28,2024-07-31,2024-07-31
Online Markete C,2249427205249909,Лид АнисимоваКрипт,120211900381570154,4)БК,120211949064610154,1,120211949064590154,1564.0,1.264349,16.0,16.0,15.29,1237.0,12.36055,9.776215,1.05093,1.023018,1.293452,0.955625,0.955625,OUTCOME_LEADS,AUCTION,2024-07-29,2024-07-31,2024-07-31
Online Markete C,2249427205249909,Лид АнисимоваКрипт,120211900381570154,3)БК,120211949064600154,1,120211949064620154,1455.0,1.237245,22.0,18.0,15.18,1176.0,12.908163,10.43299,1.105442,1.512027,1.530612,0.69,0.843333,OUTCOME_LEADS,AUCTION,2024-07-29,2024-07-31,2024-07-31
Online Markete C,2249427205249909,Лид АнисимоваКрипт,120211900381570154,4)ES — Копия — Копия,120211964883040154,1,120211964883030154,1457.0,1.121632,30.0,25.0,18.79,1299.0,14.464973,12.896362,1.770593,2.059025,1.924557,0.626333,0.7516,OUTCOME_LEADS,AUCTION,2024-07-30,2024-07-31,2024-07-31
Online Markete C,2249427205249909,Лид АнисимоваКрипт,120211900381570154,3)ES,120211900606550154,1,120211900606590154,482.0,1.211055,20.0,19.0,7.62,398.0,19.145729,15.809129,4.020101,4.149378,4.773869,0.381,0.401053,OUTCOME_LEADS,AUCTION,2024-07-26,2024-08-01,2024-08-01
Online Markete C,2249427205249909,Лид АнисимоваКрипт,120211900381570154,4)ES — Копия,120211936663360154,1,120211936663330154,1675.0,1.091205,12.0,10.0,14.71,1535.0,9.583062,8.78209,0.586319,0.716418,0.651466,1.225833,1.471,OUTCOME_LEADS,AUCTION,2024-07-28,2024-08-01,2024-08-01
Online Markete C,2249427205249909,Лид АнисимоваКрипт,120211900381570154,4)БК,120211949064610154,1,120211949064590154,2242.0,1.289247,13.0,12.0,15.23,1739.0,8.757907,6.793042,0.40253,0.579839,0.690052,1.171538,1.269167,OUTCOME_LEADS,AUCTION,2024-07-29,2024-08-01,2024-08-01
Online Markete C,2249427205249909,Лид АнисимоваКрипт,120211900381570154,3)БК,120211949064600154,1,120211949064620154,1710.0,1.25,23.0,19.0,14.74,1368.0,10.774854,8.619883,0.950292,1.345029,1.388889,0.64087,0.775789,OUTCOME_LEADS,AUCTION,2024-07-29,2024-08-01,2024-08-01
Online Markete C,2249427205249909,Лид АнисимоваКрипт,120211900381570154,4)ES — Копия — Копия,120211964883040154,1,120211964883030154,320.0,1.070234,0.0,0.0,4.13,299.0,13.812709,12.90625,0.0,0.0,0.0,0.0,0.0,OUTCOME_LEADS,AUCTION,2024-07-30,2024-08-01,2024-08-01
Online Markete C,2249427205249909,Лид АнисимоваКрипт,120211900381570154,4)ES — Копия,120211936663360154,1,120211936663330154,1413.0,1.060811,11.0,9.0,14.96,1332.0,11.231231,10.587403,0.525526,0.778485,0.675676,1.36,1.662222,OUTCOME_LEADS,AUCTION,2024-07-28,2024-08-02,2024-08-02
Online Markete C,2249427205249909,Лид АнисимоваКрипт,120211900381570154,4)БК,120211949064610154,1,120211949064590154,1972.0,1.219542,10.0,10.0,15.57,1617.0,9.628942,7.895538,0.494743,0.507099,0.618429,1.557,1.557,OUTCOME_LEADS,AUCTION,2024-07-29,2024-08-02,2024-08-02
Online Markete C,2249427205249909,Лид АнисимоваКрипт,120211900381570154,3)БК,120211949064600154,1,120211949064620154,1356.0,1.155026,9.0,8.0,15.19,1174.0,12.938671,11.202065,0.425894,0.663717,0.681431,1.687778,1.89875,OUTCOME_LEADS,AUCTION,2024-07-29,2024-08-02,2024-08-02
Online Markete C,2249427205249909,Лид АнисимоваКрипт,120211900381570154,4)ES — Копия — Копия,120212038884180154,1,120212038884170154,1948.0,1.043385,6.0,6.0,12.41,1867.0,6.647027,6.370637,0.160686,0.308008,0.321371,2.068333,2.068333,OUTCOME_LEADS,AUCTION,2024-08-02,2024-08-02,2024-08-02
Online Markete C,2249427205249909,Лид АнисимоваКрипт,120211900381570154,4)ES — Копия,120211936663360154,1,120211936663330154,1216.0,1.075155,7.0,7.0,14.93,1131.0,13.200707,12.277961,0.353669,0.575658,0.618921,2.132857,2.132857,OUTCOME_LEADS,AUCTION,2024-07-28,2024-08-03,2024-08-03
Online Markete C,2249427205249909,Лид АнисимоваКрипт,120211900381570154,4)БК,120211949064610154,1,120211949064590154,1717.0,1.190707,12.0,11.0,14.31,1442.0,9.923717,8.334304,0.693481,0.698893,0.762829,1.1925,1.300909,OUTCOME_LEADS,AUCTION,2024-07-29,2024-08-03,2024-08-03
Online Markete C,2249427205249909,Лид АнисимоваКрипт,120211900381570154,3)БК,120211949064600154,1,120211949064620154,229.0,1.060185,2.0,2.0,2.76,216.0,12.777778,12.052402,0.925926,0.873362,0.925926,1.38,1.38,OUTCOME_LEADS,AUCTION,2024-07-29,2024-08-03,2024-08-03
Online Markete C,2249427205249909,Лид АнисимоваКрипт,120211900381570154,4)ES — Копия — Копия,120212038884180154,1,120212038884170154,1159.0,1.070175,2.0,2.0,15.21,1083.0,14.044321,13.123382,0.184672,0.172563,0.184672,7.605,7.605,OUTCOME_LEADS,AUCTION,2024-08-02,2024-08-03,2024-08-03
Online Markete C,2249427205249909,Лид АнисимоваКрипт,120211900381570154,4)ES — Копия,120211936663360154,1,120211936663330154,1199.0,1.076302,9.0,8.0,15.88,1114.0,14.254937,13.24437,0.2693,0.750626,0.718133,1.764444,1.985,OUTCOME_LEADS,AUCTION,2024-07-28,2024-08-04,2024-08-04
Online Markete C,2249427205249909,Лид АнисимоваКрипт,120211900381570154,4)БК,120211949064610154,1,120211949064590154,2453.0,1.260534,10.0,9.0,15.06,1946.0,7.738952,6.139421,0.4111,0.407664,0.462487,1.506,1.673333,OUTCOME_LEADS,AUCTION,2024-07-29,2024-08-04,2024-08-04
Online Markete C,2249427205249909,Лид АнисимоваКрипт,120211900381570154,4)ES — Копия — Копия,120212038884180154,1,120212038884170154,1223.0,1.071867,6.0,6.0,15.6,1141.0,13.672217,12.755519,0.175285,0.490597,0.525855,2.6,2.6,OUTCOME_LEADS,AUCTION,2024-08-02,2024-08-04,2024-08-04
Online Markete C,2249427205249909,Лид АнисимоваКрипт,120211900381570154,4)ES — Копия,120211936663360154,1,120211936663330154,1453.0,1.085138,10.0,9.0,15.16,1339.0,11.321882,10.433586,0.522778,0.688231,0.672143,1.516,1.684444,OUTCOME_LEADS,AUCTION,2024-07-28,2024-08-05,2024-08-05
Online Markete C,2249427205249909,Лид АнисимоваКрипт,120211900381570154,4)БК,120211949064610154,1,120211949064590154,3069.0,1.272388,15.0,14.0,15.15,2412.0,6.281095,4.936461,0.414594,0.488759,0.580431,1.01,1.082143,OUTCOME_LEADS,AUCTION,2024-07-29,2024-08-05,2024-08-05
Online Markete C,2249427205249909,Лид АнисимоваКрипт,120211900381570154,4)ES — Копия — Копия,120212038884180154,1,120212038884170154,139.0,1.045113,1.0,1.0,1.67,133.0,12.556391,12.014388,0.0,0.719424,0.75188,1.67,1.67,OUTCOME_LEADS,AUCTION,2024-08-02,2024-08-05,2024-08-05
Online Markete C,2249427205249909,Лид АнисимоваКрипт,120211900381570154,4)ES — Копия,120211936663360154,1,120211936663330154,1329.0,1.060654,4.0,4.0,10.84,1253.0,8.651237,8.156509,0.239425,0.300978,0.319234,2.71,2.71,OUTCOME_LEADS,AUCTION,2024-07-28,2024-08-06,2024-08-06
Online Markete C,2249427205249909,Лид АнисимоваКрипт,120211900381570154,4)БК,120211949064610154,1,120211949064590154,2899.0,1.200911,9.0,9.0,12.57,2414.0,5.207125,4.335978,0.24855,0.310452,0.372825,1.396667,1.396667,OUTCOME_LEADS,AUCTION,2024-07-29,2024-08-06,2024-08-06
Online Markete C,2249427205249909,Лид АнисимоваКрипт,120211900381570154,4)ES — Копия,120211936663360154,1,120211936663330154,1187.0,1.070334,9.0,9.0,16.0,1109.0,14.427412,13.47936,0.541028,0.758214,0.811542,1.777778,1.777778,OUTCOME_LEADS,AUCTION,2024-07-28,2024-08-07,2024-08-07
Online Markete C,2249427205249909,Лид АнисимоваКрипт,120211900381570154,4)БК,120211949064610154,1,120211949064590154,2644.0,1.15207,13.0,13.0,15.69,2295.0,6.836601,5.934191,0.305011,0.491679,0.566449,1.206923,1.206923,OUTCOME_LEADS,AUCTION,2024-07-29,2024-08-07,2024-08-07
Online Markete C,2249427205249909,Лид АнисимоваКрипт,120211900381570154,3)БК,120211949064600154,1,120211949064620154,3835.0,1.144435,32.0,29.0,25.54,3351.0,7.621605,6.659713,0.477469,0.83442,0.865413,0.798125,0.88069,OUTCOME_LEADS,AUCTION,2024-07-29,2024-08-07,2024-08-07
Online Markete C,2249427205249909,Лид АнисимоваКрипт,120211900381570154,4)ES — Копия,120211936663360154,1,120211936663330154,1187.0,1.073237,6.0,6.0,16.14,1106.0,14.593128,13.597304,0.361664,0.505476,0.542495,2.69,2.69,OUTCOME_LEADS,AUCTION,2024-07-28,2024-08-08,2024-08-08
Online Markete C,2249427205249909,Лид АнисимоваКрипт,120211900381570154,4)БК,120211949064610154,1,120211949064590154,2375.0,1.130952,17.0,14.0,15.94,2100.0,7.590476,6.711579,0.333333,0.715789,0.666667,0.937647,1.138571,OUTCOME_LEADS,AUCTION,2024-07-29,2024-08-08,2024-08-08
Online Markete C,2249427205249909,Лид АнисимоваКрипт,120211900381570154,3)БК,120211949064600154,1,120211949064620154,3170.0,1.210848,33.0,30.0,25.56,2618.0,9.763178,8.063091,0.802139,1.041009,1.145913,0.774545,0.852,OUTCOME_LEADS,AUCTION,2024-07-29,2024-08-08,2024-08-08
Online Markete C,2249427205249909,Лид АнисимоваКрипт,120211900381570154,4)ES — Копия,120211936663360154,1,120211936663330154,211.0,1.004762,0.0,0.0,3.54,210.0,16.857143,16.777251,0.0,0.0,0.0,0.0,0.0,OUTCOME_LEADS,AUCTION,2024-07-28,2024-08-09,2024-08-09
Online Markete C,2249427205249909,Лид АнисимоваКрипт,120211900381570154,4)БК,120211949064610154,1,120211949064590154,566.0,1.052045,6.0,6.0,4.92,538.0,9.144981,8.69258,0.743494,1.060071,1.115242,0.82,0.82,OUTCOME_LEADS,AUCTION,2024-07-29,2024-08-09,2024-08-09
Online Markete C,2249427205249909,Лид АнисимоваКрипт,120211900381570154,3)БК,120211949064600154,1,120211949064620154,576.0,1.051095,7.0,6.0,8.63,548.0,15.748175,14.982639,1.094891,1.215278,1.094891,1.232857,1.438333,OUTCOME_LEADS,AUCTION,2024-07-29,2024-08-09,2024-08-09
account_name,account_id,campaign_name,campaign_id,adset_name,adset_id,ad_name,ad_id,impressions,frequency,clicks,unique_clicks,spend,reach,cpp,cpm,unique_link_clicks_ctr,ctr,unique_ctr,cpc,cost_per_unique_click,objective,buying_type,created_time,date_start,date_stop
Online Markete C,2249427205249909,Анисимова воронка каждый час,120212707237820154,1)ES lal,120212707237880154,1,120212707237850154,1413.0,1.168734,8.0,6.0,19.93,1209.0,16.484698,14.104742,0.413565,0.566171,0.496278,2.49125,3.321667,OUTCOME_LEADS,AUCTION,2024-08-30,2024-08-31,2024-08-31
Online Markete C,2249427205249909,Анисимова воронка каждый час,120212707237820154,5)ES lal,120212707237970154,1,120212707237870154,1398.0,1.191816,11.0,11.0,19.98,1173.0,17.033248,14.291845,0.682012,0.786838,0.937766,1.816364,1.816364,OUTCOME_LEADS,AUCTION,2024-08-30,2024-08-31,2024-08-31
Online Markete C,2249427205249909,Анисимова воронка каждый час,120212707237820154,4)ES lal,120212707237980154,1,120212707238000154,1230.0,1.173664,14.0,12.0,19.95,1048.0,19.03626,16.219512,0.763359,1.138211,1.145038,1.425,1.6625,OUTCOME_LEADS,AUCTION,2024-08-30,2024-08-31,2024-08-31
Online Markete C,2249427205249909,Анисимова воронка каждый час,120212707237820154,2)ES lal,120212707237950154,1,120212707238100154,1159.0,1.171891,18.0,15.0,19.97,989.0,20.192113,17.230371,1.213347,1.553063,1.516684,1.109444,1.331333,OUTCOME_LEADS,AUCTION,2024-08-30,2024-08-31,2024-08-31
Online Markete C,2249427205249909,Анисимова воронка каждый час,120212707237820154,3)ES lal,120212707237960154,1,120212707238110154,1272.0,1.21374,16.0,14.0,19.96,1048.0,19.045802,15.691824,1.240458,1.257862,1.335878,1.2475,1.425714,OUTCOME_LEADS,AUCTION,2024-08-30,2024-08-31,2024-08-31
Online Markete C,2249427205249909,Анисимова воронка каждый час,120212707237820154,1)ES lal,120212707237880154,1,120212707237850154,1226.0,1.261317,28.0,28.0,19.01,972.0,19.557613,15.50571,2.674897,2.28385,2.880658,0.678929,0.678929,OUTCOME_LEADS,AUCTION,2024-08-30,2024-09-01,2024-09-01
Online Markete C,2249427205249909,Анисимова воронка каждый час,120212707237820154,5)ES lal,120212707237970154,1,120212707237870154,1531.0,1.17318,17.0,16.0,18.87,1305.0,14.45977,12.325278,1.072797,1.110385,1.226054,1.11,1.179375,OUTCOME_LEADS,AUCTION,2024-08-30,2024-09-01,2024-09-01
Online Markete C,2249427205249909,Анисимова воронка каждый час,120212707237820154,4)ES lal,120212707237980154,1,120212707238000154,1310.0,1.4819,69.0,60.0,19.52,884.0,22.081448,14.900763,6.674208,5.267176,6.78733,0.282899,0.325333,OUTCOME_LEADS,AUCTION,2024-08-30,2024-09-01,2024-09-01
Online Markete C,2249427205249909,Анисимова воронка каждый час,120212707237820154,2)ES lal,120212707237950154,1,120212707238100154,1143.0,1.290068,39.0,34.0,18.76,886.0,21.173815,16.412948,3.724605,3.412073,3.837472,0.481026,0.551765,OUTCOME_LEADS,AUCTION,2024-08-30,2024-09-01,2024-09-01
Online Markete C,2249427205249909,Анисимова воронка каждый час,120212707237820154,3)ES lal,120212707237960154,1,120212707238110154,1132.0,1.231774,25.0,21.0,19.67,919.0,21.4037,17.376325,1.849837,2.208481,2.285092,0.7868,0.936667,OUTCOME_LEADS,AUCTION,2024-08-30,2024-09-01,2024-09-01
Online Markete C,2249427205249909,Анисимова воронка каждый час,120212707237820154,4)ES lal — Копия,120212736680990154,1,120212736680970154,889.0,1.338855,32.0,32.0,17.69,664.0,26.641566,19.898763,4.668675,3.59955,4.819277,0.552813,0.552813,OUTCOME_LEADS,AUCTION,2024-09-01,2024-09-01,2024-09-01
Online Markete C,2249427205249909,Анисимова воронка каждый час,120212707237820154,3)ES lal — Копия,120212736680980154,1,120212736681000154,964.0,1.229592,26.0,24.0,15.57,784.0,19.859694,16.151452,2.933673,2.697095,3.061224,0.598846,0.64875,OUTCOME_LEADS,AUCTION,2024-09-01,2024-09-01,2024-09-01
Online Markete C,2249427205249909,Анисимова воронка каждый час,120212707237820154,1)ES lal,120212707237880154,1,120212707237850154,1126.0,1.337292,30.0,29.0,19.96,842.0,23.705463,17.726465,3.444181,2.664298,3.444181,0.665333,0.688276,OUTCOME_LEADS,AUCTION,2024-08-30,2024-09-02,2024-09-02
Online Markete C,2249427205249909,Анисимова воронка каждый час,120212707237820154,5)ES lal,120212707237970154,1,120212707237870154,80.0,1.012658,3.0,3.0,1.13,79.0,14.303797,14.125,1.265823,3.75,3.797468,0.376667,0.376667,OUTCOME_LEADS,AUCTION,2024-08-30,2024-09-02,2024-09-02
Online Markete C,2249427205249909,Анисимова воронка каждый час,120212707237820154,4)ES lal,120212707237980154,1,120212707238000154,1081.0,1.611028,73.0,63.0,18.63,671.0,27.764531,17.234043,9.23994,6.753006,9.388972,0.255205,0.295714,OUTCOME_LEADS,AUCTION,2024-08-30,2024-09-02,2024-09-02
Online Markete C,2249427205249909,Анисимова воронка каждый час,120212707237820154,2)ES lal,120212707237950154,1,120212707238100154,46.0,1.0,1.0,1.0,0.92,46.0,20.0,20.0,2.173913,2.173913,2.173913,0.92,0.92,OUTCOME_LEADS,AUCTION,2024-08-30,2024-09-02,2024-09-02
Online Markete C,2249427205249909,Анисимова воронка каждый час,120212707237820154,3)ES lal,120212707237960154,1,120212707238110154,1103.0,1.316229,49.0,46.0,18.74,838.0,22.362769,16.990027,5.250597,4.44243,5.48926,0.382449,0.407391,OUTCOME_LEADS,AUCTION,2024-08-30,2024-09-02,2024-09-02
Online Markete C,2249427205249909,Анисимова воронка каждый час,120212707237820154,4)ES lal — Копия,120212736680990154,1,120212736680970154,1192.0,1.386047,58.0,57.0,20.51,860.0,23.848837,17.206376,6.511628,4.865772,6.627907,0.353621,0.359825,OUTCOME_LEADS,AUCTION,2024-09-01,2024-09-02,2024-09-02
Online Markete C,2249427205249909,Анисимова воронка каждый час,120212707237820154,3)ES lal — Копия,120212736680980154,1,120212736681000154,37.0,1.027778,1.0,1.0,0.94,36.0,26.111111,25.405405,2.777778,2.702703,2.777778,0.94,0.94,OUTCOME_LEADS,AUCTION,2024-09-01,2024-09-02,2024-09-02
Online Markete C,2249427205249909,Анисимова воронка каждый час,120212707237820154,4)ES,120212748594070154,1,120212748594040154,1812.0,1.299857,49.0,44.0,21.45,1394.0,15.387374,11.837748,3.084648,2.704194,3.156385,0.437755,0.4875,OUTCOME_LEADS,AUCTION,2024-09-02,2024-09-02,2024-09-02
Online Markete C,2249427205249909,Анисимова воронка каждый час,120212707237820154,1)ES,120212748594050154,1,120212748594080154,1634.0,1.367364,67.0,57.0,23.13,1195.0,19.355649,14.155447,4.769874,4.100367,4.769874,0.345224,0.405789,OUTCOME_LEADS,AUCTION,2024-09-02,2024-09-02,2024-09-02
Online Markete C,2249427205249909,Анисимова воронка каждый час,120212707237820154,3)ES,120212748594060154,1,120212748594090154,2371.0,1.296337,23.0,22.0,22.51,1829.0,12.307272,9.493884,1.202843,0.970055,1.202843,0.978696,1.023182,OUTCOME_LEADS,AUCTION,2024-09-02,2024-09-02,2024-09-02
Online Markete C,2249427205249909,Анисимова воронка каждый час,120212707237820154,ЕС лал,120212753800560154,2,120212754033360154,681.0,1.118227,8.0,7.0,13.1,609.0,21.510673,19.236417,0.821018,1.174743,1.149425,1.6375,1.871429,OUTCOME_LEADS,AUCTION,2024-09-02,2024-09-02,2024-09-02
Online Markete C,2249427205249909,Анисимова воронка каждый час,120212707237820154,ЕС лал,120212753800560154,3,120212754047520154,2505.0,1.077883,37.0,32.0,49.11,2324.0,21.13167,19.60479,0.817556,1.477046,1.376936,1.327297,1.534688,OUTCOME_LEADS,AUCTION,2024-09-02,2024-09-02,2024-09-02
Online Markete C,2249427205249909,Анисимова воронка каждый час,120212707237820154,ЕС лал,120212753800560154,5,120212754071550154,303.0,1.097826,4.0,4.0,4.62,276.0,16.73913,15.247525,1.449275,1.320132,1.449275,1.155,1.155,OUTCOME_LEADS,AUCTION,2024-09-02,2024-09-02,2024-09-02
Online Markete C,2249427205249909,Анисимова воронка каждый час,120212707237820154,ЕС лал,120212753800560154,1 — Копия,120212760530910154,153.0,1.033784,0.0,0.0,1.92,148.0,12.972973,12.54902,0.0,0.0,0.0,0.0,0.0,OUTCOME_LEADS,AUCTION,2024-09-02,2024-09-02,2024-09-02
Online Markete C,2249427205249909,Анисимова воронка каждый час,120212707237820154,1)ES lal,120212707237880154,1,120212707237850154,52.0,1.083333,0.0,0.0,0.97,48.0,20.208333,18.653846,0.0,0.0,0.0,0.0,0.0,OUTCOME_LEADS,AUCTION,2024-08-30,2024-09-03,2024-09-03
Online Markete C,2249427205249909,Анисимова воронка каждый час,120212707237820154,4)ES lal,120212707237980154,1,120212707238000154,852.0,1.484321,41.0,38.0,13.64,574.0,23.763066,16.00939,6.445993,4.812207,6.620209,0.332683,0.358947,OUTCOME_LEADS,AUCTION,2024-08-30,2024-09-03,2024-09-03
Online Markete C,2249427205249909,Анисимова воронка каждый час,120212707237820154,3)ES lal,120212707237960154,1,120212707238110154,687.0,1.42236,40.0,36.0,14.84,483.0,30.724638,21.601164,7.453416,5.822416,7.453416,0.371,0.412222,OUTCOME_LEADS,AUCTION,2024-08-30,2024-09-03,2024-09-03
Online Markete C,2249427205249909,Анисимова воронка каждый час,120212707237820154,4)ES lal — Копия,120212736680990154,1,120212736680970154,59.0,1.035088,2.0,2.0,0.71,57.0,12.45614,12.033898,3.508772,3.389831,3.508772,0.355,0.355,OUTCOME_LEADS,AUCTION,2024-09-01,2024-09-03,2024-09-03
Online Markete C,2249427205249909,Анисимова воронка каждый час,120212707237820154,4)ES,120212748594070154,1,120212748594040154,1034.0,1.349869,27.0,24.0,14.68,766.0,19.164491,14.197292,2.872063,2.611219,3.133159,0.543704,0.611667,OUTCOME_LEADS,AUCTION,2024-09-02,2024-09-03,2024-09-03
Online Markete C,2249427205249909,Анисимова воронка каждый час,120212707237820154,1)ES,120212748594050154,1,120212748594080154,1187.0,1.761128,51.0,47.0,14.47,674.0,21.468843,12.190396,6.824926,4.296546,6.973294,0.283725,0.307872,OUTCOME_LEADS,AUCTION,2024-09-02,2024-09-03,2024-09-03
Online Markete C,2249427205249909,Анисимова воронка каждый час,120212707237820154,3)ES,120212748594060154,1,120212748594090154,131.0,1.13913,2.0,2.0,1.29,115.0,11.217391,9.847328,1.73913,1.526718,1.73913,0.645,0.645,OUTCOME_LEADS,AUCTION,2024-09-02,2024-09-03,2024-09-03
Online Markete C,2249427205249909,Анисимова воронка каждый час,120212707237820154,ЕС лал,120212753800560154,2,120212754033360154,62.0,1.016393,0.0,0.0,0.96,61.0,15.737705,15.483871,0.0,0.0,0.0,0.0,0.0,OUTCOME_LEADS,AUCTION,2024-09-02,2024-09-03,2024-09-03
Online Markete C,2249427205249909,Анисимова воронка каждый час,120212707237820154,ЕС лал,120212753800560154,3,120212754047520154,2550.0,1.064718,51.0,43.0,57.67,2395.0,24.079332,22.615686,1.377871,2.0,1.795407,1.130784,1.341163,OUTCOME_LEADS,AUCTION,2024-09-02,2024-09-03,2024-09-03
Online Markete C,2249427205249909,Анисимова воронка каждый час,120212707237820154,ЕС лал,120212753800560154,5,120212754071550154,18.0,1.058824,0.0,0.0,0.21,17.0,12.352941,11.666667,0.0,0.0,0.0,0.0,0.0,OUTCOME_LEADS,AUCTION,2024-09-02,2024-09-03,2024-09-03
account_name,account_id,campaign_name,campaign_id,adset_name,adset_id,ad_name,ad_id,impressions,frequency,clicks,unique_clicks,spend,reach,cpp,cpm,unique_link_clicks_ctr,ctr,unique_ctr,cpc,cost_per_unique_click,objective,buying_type,created_time,date_start,date_stop
account_name,account_id,campaign_name,campaign_id,adset_name,adset_id,ad_name,ad_id,impressions,frequency,clicks,unique_clicks,spend,reach,cpp,cpm,unique_link_clicks_ctr,ctr,unique_ctr,cpc,cost_per_unique_click,objective,buying_type,created_time,date_start,date_stop
account_name,account_id,campaign_name,campaign_id,adset_name,adset_id,ad_name,ad_id,impressions,frequency,clicks,unique_clicks,spend,reach,cpp,cpm,unique_link_clicks_ctr,ctr,unique_ctr,cpc,cost_per_unique_click,objective,buying_type,created_time,date_start,date_stop
account_name,account_id,campaign_name,campaign_id,adset_name,adset_id,ad_name,ad_id,impressions,frequency,clicks,unique_clicks,spend,reach,cpp,cpm,unique_link_clicks_ctr,ctr,unique_ctr,cpc,cost_per_unique_click,objective,buying_type,created_time,date_start,date_stop
account_name,account_id,campaign_name,campaign_id,adset_name,adset_id,ad_name,ad_id,impressions,frequency,clicks,unique_clicks,spend,reach,cpp,cpm,unique_link_clicks_ctr,ctr,unique_ctr,cpc,cost_per_unique_click,objective,buying_type,created_time,date_start,date_stop
account_name,account_id,campaign_name,campaign_id,adset_name,adset_id,ad_name,ad_id,impressions,frequency,clicks,unique_clicks,spend,reach,cpp,cpm,unique_link_clicks_ctr,ctr,unique_ctr,cpc,cost_per_unique_click,objective,buying_type,created_time,date_start,date_stop
account_name,account_id,campaign_name,campaign_id,adset_name,adset_id,ad_name,ad_id,impressions,frequency,clicks,unique_clicks,spend,reach,cpp,cpm,unique_link_clicks_ctr,ctr,unique_ctr,cpc,cost_per_unique_click,objective,buying_type,created_time,date_start,date_stop
